sample	protein	gene	value
ip_1	A4D1U4	DENND11	1126376.8
ip_2	A4D1U4	DENND11	1218598.8
ip_3	A4D1U4	DENND11	1358370.4
ip_4	A4D1U4	DENND11	946328.6
ip_5	A4D1U4	DENND11	1546067.7
ip_6	A4D1U4	DENND11	1628257.4
ctrl_1	A4D1U4	DENND11	248680.0
ctrl_2	A4D1U4	DENND11	208571.2
ctrl_3	A4D1U4	DENND11	189210.1
ctrl_4	A4D1U4	DENND11	168800.3
ctrl_5	A4D1U4	DENND11	228255.4
ctrl_6	A4D1U4	DENND11	205201.2
ctrl_7	A4D1U4	DENND11	138273.1
ctrl_8	A4D1U4	DENND11	162832.6
ctrl_9	A4D1U4	DENND11	254997.1
ip_1	O00115	DNASE2	944907.8
ip_2	O00115	DNASE2	788196.9
ip_3	O00115	DNASE2	1054350.9
ip_4	O00115	DNASE2	776070.0
ip_5	O00115	DNASE2	788865.0
ip_6	O00115	DNASE2	1116262.6
ctrl_1	O00115	DNASE2	179387.7
ctrl_2	O00115	DNASE2	204188.6
ctrl_3	O00115	DNASE2	130313.6
ctrl_4	O00115	DNASE2	166602.2
ctrl_5	O00115	DNASE2	114717.6
ctrl_6	O00115	DNASE2	149183.4
ctrl_7	O00115	DNASE2	177368.5
ctrl_8	O00115	DNASE2	172934.2
ctrl_9	O00115	DNASE2	173270.4
ip_1	O00462	MANBA	765615.9
ip_2	O00462	MANBA	1164172.8
ip_3	O00462	MANBA	929955.8
ip_4	O00462	MANBA	1221344.9
ip_5	O00462	MANBA	1151061.8
ip_6	O00462	MANBA	1337440.8
ctrl_1	O00462	MANBA	156769.7
ctrl_2	O00462	MANBA	235596.3
ctrl_3	O00462	MANBA	193030.2
ctrl_4	O00462	MANBA	208298.6
ctrl_5	O00462	MANBA	141322.4
ctrl_6	O00462	MANBA	161622.3
ctrl_7	O00462	MANBA	168990.2
ctrl_8	O00462	MANBA	209946.9
ctrl_9	O00462	MANBA	186787.0
ip_1	O00584	RNASET2	1869045.6
ip_2	O00584	RNASET2	2452697.0
ip_3	O00584	RNASET2	5336361.6
ip_4	O00584	RNASET2	2210212.9
ip_5	O00584	RNASET2	3288723.3
ip_6	O00584	RNASET2	2168295.3
ctrl_1	O00584	RNASET2	179375.1
ctrl_2	O00584	RNASET2	143183.0
ctrl_3	O00584	RNASET2	240725.1
ctrl_4	O00584	RNASET2	149799.6
ctrl_5	O00584	RNASET2	200137.8
ctrl_6	O00584	RNASET2	236433.7
ctrl_7	O00584	RNASET2	149056.3
ctrl_8	O00584	RNASET2	162142.1
ctrl_9	O00584	RNASET2	195926.3
ip_1	O00754	MAN2B1	3940869.9
ip_2	O00754	MAN2B1	3948764.0
ip_3	O00754	MAN2B1	4311302.4
ip_4	O00754	MAN2B1	4569137.3
ip_5	O00754	MAN2B1	2450440.7
ip_6	O00754	MAN2B1	2463188.4
ctrl_1	O00754	MAN2B1	210891.7
ctrl_2	O00754	MAN2B1	269235.9
ctrl_3	O00754	MAN2B1	185318.4
ctrl_4	O00754	MAN2B1	259217.8
ctrl_5	O00754	MAN2B1	155663.4
ctrl_6	O00754	MAN2B1	163007.6
ctrl_7	O00754	MAN2B1	224932.9
ctrl_8	O00754	MAN2B1	266234.9
ctrl_9	O00754	MAN2B1	155551.3
ip_1	O14773	TPP1	839078.5
ip_2	O14773	TPP1	1062886.0
ip_3	O14773	TPP1	700782.2
ip_4	O14773	TPP1	1592998.6
ip_5	O14773	TPP1	1203826.0
ip_6	O14773	TPP1	1051811.4
ctrl_1	O14773	TPP1	174972.0
ctrl_2	O14773	TPP1	166455.0
ctrl_3	O14773	TPP1	155881.3
ctrl_4	O14773	TPP1	223988.3
ctrl_5	O14773	TPP1	165281.0
ctrl_6	O14773	TPP1	196896.2
ctrl_7	O14773	TPP1	161946.8
ctrl_8	O14773	TPP1	149794.1
ctrl_9	O14773	TPP1	142540.0
ip_1	O15118	NPC1	4278204.3
ip_2	O15118	NPC1	2331777.7
ip_3	O15118	NPC1	2665914.1
ip_4	O15118	NPC1	2848007.0
ip_5	O15118	NPC1	2490263.9
ip_6	O15118	NPC1	3878112.9
ctrl_1	O15118	NPC1	197365.6
ctrl_2	O15118	NPC1	224528.5
ctrl_3	O15118	NPC1	206914.8
ctrl_4	O15118	NPC1	229438.0
ctrl_5	O15118	NPC1	155412.9
ctrl_6	O15118	NPC1	139003.9
ctrl_7	O15118	NPC1	210576.9
ctrl_8	O15118	NPC1	99608.1
ctrl_9	O15118	NPC1	126592.4
ip_1	O43567	RNF13	700046.7
ip_2	O43567	RNF13	1052582.5
ip_3	O43567	RNF13	2012536.5
ip_4	O43567	RNF13	1924028.9
ip_5	O43567	RNF13	1214620.0
ip_6	O43567	RNF13	1365099.2
ctrl_1	O43567	RNF13	164678.3
ctrl_2	O43567	RNF13	220521.4
ctrl_3	O43567	RNF13	176294.6
ctrl_4	O43567	RNF13	209626.2
ctrl_5	O43567	RNF13	166287.7
ctrl_6	O43567	RNF13	304295.7
ctrl_7	O43567	RNF13	109767.5
ctrl_8	O43567	RNF13	236242.5
ctrl_9	O43567	RNF13	180704.4
ip_1	O75629	CREG1	829434.1
ip_2	O75629	CREG1	941487.9
ip_3	O75629	CREG1	1043792.9
ip_4	O75629	CREG1	1067872.3
ip_5	O75629	CREG1	962777.3
ip_6	O75629	CREG1	876881.7
ctrl_1	O75629	CREG1	130410.3
ctrl_2	O75629	CREG1	90332.6
ctrl_3	O75629	CREG1	97923.6
ctrl_4	O75629	CREG1	172029.3
ctrl_5	O75629	CREG1	196753.0
ctrl_6	O75629	CREG1	128178.7
ctrl_7	O75629	CREG1	149973.7
ctrl_8	O75629	CREG1	103257.5
ctrl_9	O75629	CREG1	262383.1
ip_1	O75955	FLOT1	1098657.1
ip_2	O75955	FLOT1	970376.4
ip_3	O75955	FLOT1	1149210.9
ip_4	O75955	FLOT1	1127909.2
ip_5	O75955	FLOT1	1226562.5
ip_6	O75955	FLOT1	1084498.7
ctrl_1	O75955	FLOT1	281436.1
ctrl_2	O75955	FLOT1	153406.1
ctrl_3	O75955	FLOT1	158467.3
ctrl_4	O75955	FLOT1	148091.5
ctrl_5	O75955	FLOT1	116530.1
ctrl_6	O75955	FLOT1	140023.7
ctrl_7	O75955	FLOT1	230460.3
ctrl_8	O75955	FLOT1	182433.1
ctrl_9	O75955	FLOT1	163794.8
ip_1	O00203	AP3B1	36215.2
ip_2	O00203	AP3B1	51657.6
ip_3	O00203	AP3B1	38800.3
ip_4	O00203	AP3B1	24048.8
ip_5	O00203	AP3B1	28636.2
ip_6	O00203	AP3B1	21112.4
ctrl_1	O00203	AP3B1	333928.5
ctrl_2	O00203	AP3B1	239673.0
ctrl_3	O00203	AP3B1	203554.7
ctrl_4	O00203	AP3B1	178129.9
ctrl_5	O00203	AP3B1	174506.3
ctrl_6	O00203	AP3B1	132684.6
ctrl_7	O00203	AP3B1	337764.1
ctrl_8	O00203	AP3B1	229434.9
ctrl_9	O00203	AP3B1	243440.5
ip_1	O14964	HGS	26520.2
ip_2	O14964	HGS	30148.6
ip_3	O14964	HGS	28624.6
ip_4	O14964	HGS	17596.8
ip_5	O14964	HGS	26000.1
ip_6	O14964	HGS	28837.3
ctrl_1	O14964	HGS	169504.5
ctrl_2	O14964	HGS	180400.4
ctrl_3	O14964	HGS	135793.3
ctrl_4	O14964	HGS	133576.0
ctrl_5	O14964	HGS	95649.4
ctrl_6	O14964	HGS	133174.4
ctrl_7	O14964	HGS	220751.4
ctrl_8	O14964	HGS	239196.7
ctrl_9	O14964	HGS	212593.5
ip_1	Q9BQS8	FYCO1	49997.4
ip_2	Q9BQS8	FYCO1	36717.5
ip_3	Q9BQS8	FYCO1	43464.1
ip_4	Q9BQS8	FYCO1	38532.8
ip_5	Q9BQS8	FYCO1	48428.3
ip_6	Q9BQS8	FYCO1	57385.9
ctrl_1	Q9BQS8	FYCO1	163108.8
ctrl_2	Q9BQS8	FYCO1	184443.0
ctrl_3	Q9BQS8	FYCO1	236574.7
ctrl_4	Q9BQS8	FYCO1	186101.2
ctrl_5	Q9BQS8	FYCO1	242917.3
ctrl_6	Q9BQS8	FYCO1	248112.6
ctrl_7	Q9BQS8	FYCO1	279718.3
ctrl_8	Q9BQS8	FYCO1	217001.7
ctrl_9	Q9BQS8	FYCO1	211131.9
ip_1	A3KMH1	VWA8	536944.9
ip_2	A3KMH1	VWA8	533873.8
ip_3	A3KMH1	VWA8	311384.7
ip_4	A3KMH1	VWA8	391017.3
ip_5	A3KMH1	VWA8	355234.9
ip_6	A3KMH1	VWA8	377418.1
ctrl_1	A3KMH1	VWA8	124113.6
ctrl_2	A3KMH1	VWA8	87819.5
ctrl_3	A3KMH1	VWA8	143398.0
ctrl_4	A3KMH1	VWA8	81676.8
ctrl_5	A3KMH1	VWA8	97970.6
ctrl_6	A3KMH1	VWA8	131332.7
ctrl_7	A3KMH1	VWA8	155010.2
ctrl_8	A3KMH1	VWA8	115637.1
ctrl_9	A3KMH1	VWA8	167325.7
ip_1	A4D1E9	GTPBP10	473474.4
ip_2	A4D1E9	GTPBP10	863048.5
ip_3	A4D1E9	GTPBP10	611253.5
ip_4	A4D1E9	GTPBP10	886217.6
ip_5	A4D1E9	GTPBP10	607683.9
ip_6	A4D1E9	GTPBP10	767188.5
ctrl_1	A4D1E9	GTPBP10	81646.5
ctrl_2	A4D1E9	GTPBP10	181142.6
ctrl_3	A4D1E9	GTPBP10	106167.0
ctrl_4	A4D1E9	GTPBP10	106332.7
ctrl_5	A4D1E9	GTPBP10	75365.8
ctrl_6	A4D1E9	GTPBP10	122175.2
ctrl_7	A4D1E9	GTPBP10	75631.2
ctrl_8	A4D1E9	GTPBP10	108499.6
ctrl_9	A4D1E9	GTPBP10	126687.0
ip_1	A6NK58	LIPT2	433436.0
ip_2	A6NK58	LIPT2	476207.2
ip_3	A6NK58	LIPT2	487000.9
ip_4	A6NK58	LIPT2	411707.2
ip_5	A6NK58	LIPT2	526991.6
ip_6	A6NK58	LIPT2	443272.4
ctrl_1	A6NK58	LIPT2	131251.9
ctrl_2	A6NK58	LIPT2	195618.8
ctrl_3	A6NK58	LIPT2	216991.6
ctrl_4	A6NK58	LIPT2	144771.9
ctrl_5	A6NK58	LIPT2	159996.3
ctrl_6	A6NK58	LIPT2	160883.5
ctrl_7	A6NK58	LIPT2	145562.6
ctrl_8	A6NK58	LIPT2	186664.5
ctrl_9	A6NK58	LIPT2	90681.0
ip_1	A8MXV4	NUDT19	567845.9
ip_2	A8MXV4	NUDT19	480794.7
ip_3	A8MXV4	NUDT19	532575.7
ip_4	A8MXV4	NUDT19	680894.0
ip_5	A8MXV4	NUDT19	899883.9
ip_6	A8MXV4	NUDT19	794834.0
ctrl_1	A8MXV4	NUDT19	248369.9
ctrl_2	A8MXV4	NUDT19	217344.5
ctrl_3	A8MXV4	NUDT19	215708.0
ctrl_4	A8MXV4	NUDT19	208055.3
ctrl_5	A8MXV4	NUDT19	226937.0
ctrl_6	A8MXV4	NUDT19	257490.8
ctrl_7	A8MXV4	NUDT19	191891.1
ctrl_8	A8MXV4	NUDT19	168464.2
ctrl_9	A8MXV4	NUDT19	313759.9
ip_1	O00142	TK2	424320.9
ip_2	O00142	TK2	562846.9
ip_3	O00142	TK2	773646.7
ip_4	O00142	TK2	430336.4
ip_5	O00142	TK2	1304923.7
ip_6	O00142	TK2	664048.1
ctrl_1	O00142	TK2	146364.3
ctrl_2	O00142	TK2	90554.0
ctrl_3	O00142	TK2	132959.3
ctrl_4	O00142	TK2	167229.5
ctrl_5	O00142	TK2	96956.1
ctrl_6	O00142	TK2	81764.9
ctrl_7	O00142	TK2	158471.1
ctrl_8	O00142	TK2	114119.0
ctrl_9	O00142	TK2	176749.6
ip_1	O00154	ACOT7	15200.3
ip_2	O00154	ACOT7	17124.6
ip_3	O00154	ACOT7	21480.9
ip_4	O00154	ACOT7	14098.5
ip_5	O00154	ACOT7	18061.2
ip_6	O00154	ACOT7	32347.6
ctrl_1	O00154	ACOT7	104474.1
ctrl_2	O00154	ACOT7	253055.4
ctrl_3	O00154	ACOT7	134289.3
ctrl_4	O00154	ACOT7	153597.0
ctrl_5	O00154	ACOT7	130862.7
ctrl_6	O00154	ACOT7	197770.0
ctrl_7	O00154	ACOT7	163214.1
ctrl_8	O00154	ACOT7	141354.2
ctrl_9	O00154	ACOT7	162921.6
ip_1	O00429	DNM1L	15535.1
ip_2	O00429	DNM1L	22063.1
ip_3	O00429	DNM1L	23867.9
ip_4	O00429	DNM1L	20444.7
ip_5	O00429	DNM1L	27784.7
ip_6	O00429	DNM1L	41366.4
ctrl_1	O00429	DNM1L	149441.4
ctrl_2	O00429	DNM1L	212273.5
ctrl_3	O00429	DNM1L	186600.3
ctrl_4	O00429	DNM1L	182299.0
ctrl_5	O00429	DNM1L	130366.9
ctrl_6	O00429	DNM1L	183632.7
ctrl_7	O00429	DNM1L	129250.0
ctrl_8	O00429	DNM1L	319056.6
ctrl_9	O00429	DNM1L	179450.4
ip_1	O43488	AKR7A2	19803.5
ip_2	O43488	AKR7A2	14241.0
ip_3	O43488	AKR7A2	22059.5
ip_4	O43488	AKR7A2	15756.0
ip_5	O43488	AKR7A2	22729.3
ip_6	O43488	AKR7A2	22431.0
ctrl_1	O43488	AKR7A2	232907.7
ctrl_2	O43488	AKR7A2	196737.5
ctrl_3	O43488	AKR7A2	201030.9
ctrl_4	O43488	AKR7A2	165764.2
ctrl_5	O43488	AKR7A2	180330.8
ctrl_6	O43488	AKR7A2	238656.8
ctrl_7	O43488	AKR7A2	176620.8
ctrl_8	O43488	AKR7A2	155974.6
ctrl_9	O43488	AKR7A2	120362.0
ip_1	O43865	AHCYL1	15196.1
ip_2	O43865	AHCYL1	11973.5
ip_3	O43865	AHCYL1	28593.7
ip_4	O43865	AHCYL1	17680.3
ip_5	O43865	AHCYL1	18975.0
ip_6	O43865	AHCYL1	12767.8
ctrl_1	O43865	AHCYL1	184940.0
ctrl_2	O43865	AHCYL1	163580.2
ctrl_3	O43865	AHCYL1	161672.1
ctrl_4	O43865	AHCYL1	211331.3
ctrl_5	O43865	AHCYL1	152158.4
ctrl_6	O43865	AHCYL1	126310.0
ctrl_7	O43865	AHCYL1	169478.4
ctrl_8	O43865	AHCYL1	193807.9
ctrl_9	O43865	AHCYL1	92417.3
ip_1	O75828	CBR3	18035.9
ip_2	O75828	CBR3	18753.4
ip_3	O75828	CBR3	22627.2
ip_4	O75828	CBR3	20647.4
ip_5	O75828	CBR3	22004.4
ip_6	O75828	CBR3	19530.8
ctrl_1	O75828	CBR3	205611.1
ctrl_2	O75828	CBR3	209406.3
ctrl_3	O75828	CBR3	173585.5
ctrl_4	O75828	CBR3	95555.6
ctrl_5	O75828	CBR3	116192.3
ctrl_6	O75828	CBR3	179319.7
ctrl_7	O75828	CBR3	111755.4
ctrl_8	O75828	CBR3	82145.0
ctrl_9	O75828	CBR3	97550.1
ip_1	A0AVT1	UBA6	212678.2
ip_2	A0AVT1	UBA6	176942.6
ip_3	A0AVT1	UBA6	217636.6
ip_4	A0AVT1	UBA6	153859.8
ip_5	A0AVT1	UBA6	200473.9
ip_6	A0AVT1	UBA6	124187.3
ctrl_1	A0AVT1	UBA6	192452.1
ctrl_2	A0AVT1	UBA6	229745.9
ctrl_3	A0AVT1	UBA6	156756.9
ctrl_4	A0AVT1	UBA6	155183.0
ctrl_5	A0AVT1	UBA6	218734.7
ctrl_6	A0AVT1	UBA6	103025.5
ctrl_7	A0AVT1	UBA6	183336.9
ctrl_8	A0AVT1	UBA6	168998.9
ctrl_9	A0AVT1	UBA6	136759.0
ip_1	A0FGR8-6	ESYT2	124985.5
ip_2	A0FGR8-6	ESYT2	150643.7
ip_3	A0FGR8-6	ESYT2	186405.1
ip_4	A0FGR8-6	ESYT2	134493.0
ip_5	A0FGR8-6	ESYT2	161460.9
ip_6	A0FGR8-6	ESYT2	184642.2
ctrl_1	A0FGR8-6	ESYT2	240986.4
ctrl_2	A0FGR8-6	ESYT2	221140.1
ctrl_3	A0FGR8-6	ESYT2	260547.6
ctrl_4	A0FGR8-6	ESYT2	236646.2
ctrl_5	A0FGR8-6	ESYT2	143254.8
ctrl_6	A0FGR8-6	ESYT2	188119.2
ctrl_7	A0FGR8-6	ESYT2	167261.6
ctrl_8	A0FGR8-6	ESYT2	235204.0
ctrl_9	A0FGR8-6	ESYT2	143543.1
ip_1	A0JNW5	BLTP3B	219877.5
ip_2	A0JNW5	BLTP3B	115940.6
ip_3	A0JNW5	BLTP3B	144553.8
ip_4	A0JNW5	BLTP3B	234894.0
ip_5	A0JNW5	BLTP3B	192330.1
ip_6	A0JNW5	BLTP3B	167844.2
ctrl_1	A0JNW5	BLTP3B	260186.1
ctrl_2	A0JNW5	BLTP3B	141179.7
ctrl_3	A0JNW5	BLTP3B	133825.6
ctrl_4	A0JNW5	BLTP3B	202100.4
ctrl_5	A0JNW5	BLTP3B	133948.4
ctrl_6	A0JNW5	BLTP3B	173466.8
ctrl_7	A0JNW5	BLTP3B	125068.9
ctrl_8	A0JNW5	BLTP3B	157703.5
ctrl_9	A0JNW5	BLTP3B	157767.4
ip_1	A0MZ66	SHTN1	126253.4
ip_2	A0MZ66	SHTN1	202737.1
ip_3	A0MZ66	SHTN1	206122.7
ip_4	A0MZ66	SHTN1	301240.3
ip_5	A0MZ66	SHTN1	205620.2
ip_6	A0MZ66	SHTN1	206175.9
ctrl_1	A0MZ66	SHTN1	191119.0
ctrl_2	A0MZ66	SHTN1	205639.1
ctrl_3	A0MZ66	SHTN1	285879.2
ctrl_4	A0MZ66	SHTN1	255067.3
ctrl_5	A0MZ66	SHTN1	232259.9
ctrl_6	A0MZ66	SHTN1	157741.7
ctrl_7	A0MZ66	SHTN1	296881.8
ctrl_8	A0MZ66	SHTN1	174445.0
ctrl_9	A0MZ66	SHTN1	241578.3
ip_1	A1A4S6	ARHGAP10	94202.5
ip_2	A1A4S6	ARHGAP10	156456.9
ip_3	A1A4S6	ARHGAP10	135008.4
ip_4	A1A4S6	ARHGAP10	145189.7
ip_5	A1A4S6	ARHGAP10	152467.2
ip_6	A1A4S6	ARHGAP10	149958.3
ctrl_1	A1A4S6	ARHGAP10	91727.8
ctrl_2	A1A4S6	ARHGAP10	175090.1
ctrl_3	A1A4S6	ARHGAP10	135346.6
ctrl_4	A1A4S6	ARHGAP10	218805.8
ctrl_5	A1A4S6	ARHGAP10	145180.2
ctrl_6	A1A4S6	ARHGAP10	157098.5
ctrl_7	A1A4S6	ARHGAP10	192656.2
ctrl_8	A1A4S6	ARHGAP10	108153.8
ctrl_9	A1A4S6	ARHGAP10	164764.1
ip_1	A1L390	PLEKHG3	110721.1
ip_2	A1L390	PLEKHG3	100356.4
ip_3	A1L390	PLEKHG3	156679.7
ip_4	A1L390	PLEKHG3	235805.3
ip_5	A1L390	PLEKHG3	175279.2
ip_6	A1L390	PLEKHG3	213448.3
ctrl_1	A1L390	PLEKHG3	152276.9
ctrl_2	A1L390	PLEKHG3	187455.2
ctrl_3	A1L390	PLEKHG3	286756.4
ctrl_4	A1L390	PLEKHG3	157934.9
ctrl_5	A1L390	PLEKHG3	130489.3
ctrl_6	A1L390	PLEKHG3	232973.1
ctrl_7	A1L390	PLEKHG3	171905.1
ctrl_8	A1L390	PLEKHG3	170889.2
ctrl_9	A1L390	PLEKHG3	154526.7
ip_1	A1L3X0	ELOVL7	212543.7
ip_2	A1L3X0	ELOVL7	129588.5
ip_3	A1L3X0	ELOVL7	153136.7
ip_4	A1L3X0	ELOVL7	223900.0
ip_5	A1L3X0	ELOVL7	121124.5
ip_6	A1L3X0	ELOVL7	101159.1
ctrl_1	A1L3X0	ELOVL7	117274.9
ctrl_2	A1L3X0	ELOVL7	186202.7
ctrl_3	A1L3X0	ELOVL7	134897.8
ctrl_4	A1L3X0	ELOVL7	126624.4
ctrl_5	A1L3X0	ELOVL7	112390.8
ctrl_6	A1L3X0	ELOVL7	194430.3
ctrl_7	A1L3X0	ELOVL7	167024.6
ctrl_8	A1L3X0	ELOVL7	182698.7
ctrl_9	A1L3X0	ELOVL7	161490.9
ip_1	A2A288	ZC3H12D	213591.8
ip_2	A2A288	ZC3H12D	108765.0
ip_3	A2A288	ZC3H12D	194673.9
ip_4	A2A288	ZC3H12D	144924.0
ip_5	A2A288	ZC3H12D	95226.0
ip_6	A2A288	ZC3H12D	117140.9
ctrl_1	A2A288	ZC3H12D	278605.7
ctrl_2	A2A288	ZC3H12D	203248.5
ctrl_3	A2A288	ZC3H12D	173991.4
ctrl_4	A2A288	ZC3H12D	208243.4
ctrl_5	A2A288	ZC3H12D	230307.6
ctrl_6	A2A288	ZC3H12D	158105.1
ctrl_7	A2A288	ZC3H12D	178217.1
ctrl_8	A2A288	ZC3H12D	184420.4
ctrl_9	A2A288	ZC3H12D	136093.1
ip_1	A2RTX5	TARS3	141224.0
ip_2	A2RTX5	TARS3	161433.1
ip_3	A2RTX5	TARS3	111845.5
ip_4	A2RTX5	TARS3	192479.1
ip_5	A2RTX5	TARS3	133217.6
ip_6	A2RTX5	TARS3	179569.0
ctrl_1	A2RTX5	TARS3	119550.5
ctrl_2	A2RTX5	TARS3	199444.8
ctrl_3	A2RTX5	TARS3	78609.4
ctrl_4	A2RTX5	TARS3	128606.8
ctrl_5	A2RTX5	TARS3	109130.1
ctrl_6	A2RTX5	TARS3	162653.6
ctrl_7	A2RTX5	TARS3	134384.5
ctrl_8	A2RTX5	TARS3	120791.7
ctrl_9	A2RTX5	TARS3	152860.4
ip_1	A2RU30	TESPA1	208458.8
ip_2	A2RU30	TESPA1	159922.0
ip_3	A2RU30	TESPA1	167981.5
ip_4	A2RU30	TESPA1	155474.7
ip_5	A2RU30	TESPA1	94760.2
ip_6	A2RU30	TESPA1	153716.2
ctrl_1	A2RU30	TESPA1	170991.7
ctrl_2	A2RU30	TESPA1	108476.5
ctrl_3	A2RU30	TESPA1	164813.4
ctrl_4	A2RU30	TESPA1	131060.6
ctrl_5	A2RU30	TESPA1	153888.9
ctrl_6	A2RU30	TESPA1	125382.1
ctrl_7	A2RU30	TESPA1	167805.1
ctrl_8	A2RU30	TESPA1	141296.2
ctrl_9	A2RU30	TESPA1	198345.1
ip_1	A2VDJ0	TMEM131L	262072.3
ip_2	A2VDJ0	TMEM131L	347052.0
ip_3	A2VDJ0	TMEM131L	213696.3
ip_4	A2VDJ0	TMEM131L	280197.2
ip_5	A2VDJ0	TMEM131L	235895.8
ip_6	A2VDJ0	TMEM131L	312527.3
ctrl_1	A2VDJ0	TMEM131L	164738.0
ctrl_2	A2VDJ0	TMEM131L	328769.9
ctrl_3	A2VDJ0	TMEM131L	189697.3
ctrl_4	A2VDJ0	TMEM131L	294191.6
ctrl_5	A2VDJ0	TMEM131L	261974.9
ctrl_6	A2VDJ0	TMEM131L	220427.7
ctrl_7	A2VDJ0	TMEM131L	193349.9
ctrl_8	A2VDJ0	TMEM131L	200892.0
ctrl_9	A2VDJ0	TMEM131L	222179.1
ip_1	A3KN83	SBNO1	139729.5
ip_2	A3KN83	SBNO1	198534.4
ip_3	A3KN83	SBNO1	128697.6
ip_4	A3KN83	SBNO1	181838.2
ip_5	A3KN83	SBNO1	152595.7
ip_6	A3KN83	SBNO1	107922.1
ctrl_1	A3KN83	SBNO1	177805.4
ctrl_2	A3KN83	SBNO1	303678.3
ctrl_3	A3KN83	SBNO1	277545.2
ctrl_4	A3KN83	SBNO1	179108.2
ctrl_5	A3KN83	SBNO1	208670.0
ctrl_6	A3KN83	SBNO1	213199.8
ctrl_7	A3KN83	SBNO1	199596.6
ctrl_8	A3KN83	SBNO1	131057.2
ctrl_9	A3KN83	SBNO1	167900.8
ip_1	A4D1B5	GSAP	113168.8
ip_2	A4D1B5	GSAP	172529.9
ip_3	A4D1B5	GSAP	126681.5
ip_4	A4D1B5	GSAP	154240.7
ip_5	A4D1B5	GSAP	86702.5
ip_6	A4D1B5	GSAP	120364.0
ctrl_1	A4D1B5	GSAP	122234.4
ctrl_2	A4D1B5	GSAP	130456.5
ctrl_3	A4D1B5	GSAP	184814.8
ctrl_4	A4D1B5	GSAP	195146.5
ctrl_5	A4D1B5	GSAP	198075.1
ctrl_6	A4D1B5	GSAP	161813.1
ctrl_7	A4D1B5	GSAP	123066.1
ctrl_8	A4D1B5	GSAP	92649.6
ctrl_9	A4D1B5	GSAP	159047.3
ip_1	A5PLN9	TRAPPC13	180167.4
ip_2	A5PLN9	TRAPPC13	122974.5
ip_3	A5PLN9	TRAPPC13	121053.3
ip_4	A5PLN9	TRAPPC13	222274.4
ip_5	A5PLN9	TRAPPC13	273288.3
ip_6	A5PLN9	TRAPPC13	134234.1
ctrl_1	A5PLN9	TRAPPC13	182166.5
ctrl_2	A5PLN9	TRAPPC13	254283.3
ctrl_3	A5PLN9	TRAPPC13	159935.9
ctrl_4	A5PLN9	TRAPPC13	242562.6
ctrl_5	A5PLN9	TRAPPC13	280244.2
ctrl_6	A5PLN9	TRAPPC13	238299.3
ctrl_7	A5PLN9	TRAPPC13	279550.2
ctrl_8	A5PLN9	TRAPPC13	216070.6
ctrl_9	A5PLN9	TRAPPC13	254217.8
ip_1	A6NDG6	PGP	221679.6
ip_2	A6NDG6	PGP	158996.3
ip_3	A6NDG6	PGP	209976.8
ip_4	A6NDG6	PGP	168997.7
ip_5	A6NDG6	PGP	185954.9
ip_6	A6NDG6	PGP	143081.3
ctrl_1	A6NDG6	PGP	199577.6
ctrl_2	A6NDG6	PGP	126442.6
ctrl_3	A6NDG6	PGP	149216.4
ctrl_4	A6NDG6	PGP	147222.3
ctrl_5	A6NDG6	PGP	135337.7
ctrl_6	A6NDG6	PGP	128693.1
ctrl_7	A6NDG6	PGP	176529.0
ctrl_8	A6NDG6	PGP	223430.8
ctrl_9	A6NDG6	PGP	207862.7
ip_1	A6NDU8	RIMOC1	212848.6
ip_2	A6NDU8	RIMOC1	336053.9
ip_3	A6NDU8	RIMOC1	162463.1
ip_4	A6NDU8	RIMOC1	209391.8
ip_5	A6NDU8	RIMOC1	243705.8
ip_6	A6NDU8	RIMOC1	198674.2
ctrl_1	A6NDU8	RIMOC1	245755.0
ctrl_2	A6NDU8	RIMOC1	280403.9
ctrl_3	A6NDU8	RIMOC1	108297.9
ctrl_4	A6NDU8	RIMOC1	153224.7
ctrl_5	A6NDU8	RIMOC1	169547.9
ctrl_6	A6NDU8	RIMOC1	328419.3
ctrl_7	A6NDU8	RIMOC1	279459.4
ctrl_8	A6NDU8	RIMOC1	182256.2
ctrl_9	A6NDU8	RIMOC1	194488.0
ip_1	A6NFQ2	TCAF2	155594.9
ip_2	A6NFQ2	TCAF2	177856.7
ip_3	A6NFQ2	TCAF2	117664.5
ip_4	A6NFQ2	TCAF2	131700.4
ip_5	A6NFQ2	TCAF2	132007.5
ip_6	A6NFQ2	TCAF2	163726.5
ctrl_1	A6NFQ2	TCAF2	133148.1
ctrl_2	A6NFQ2	TCAF2	133352.1
ctrl_3	A6NFQ2	TCAF2	140814.0
ctrl_4	A6NFQ2	TCAF2	114889.3
ctrl_5	A6NFQ2	TCAF2	111322.9
ctrl_6	A6NFQ2	TCAF2	111353.0
ctrl_7	A6NFQ2	TCAF2	193444.3
ctrl_8	A6NFQ2	TCAF2	303146.3
ctrl_9	A6NFQ2	TCAF2	168000.0
ip_1	A6NI79	CCDC69	336751.6
ip_2	A6NI79	CCDC69	211324.1
ip_3	A6NI79	CCDC69	222162.5
ip_4	A6NI79	CCDC69	152699.8
ip_5	A6NI79	CCDC69	248689.0
ip_6	A6NI79	CCDC69	141849.6
ctrl_1	A6NI79	CCDC69	150174.7
ctrl_2	A6NI79	CCDC69	211696.0
ctrl_3	A6NI79	CCDC69	223010.5
ctrl_4	A6NI79	CCDC69	135758.7
ctrl_5	A6NI79	CCDC69	95985.5
ctrl_6	A6NI79	CCDC69	184596.8
ctrl_7	A6NI79	CCDC69	228079.7
ctrl_8	A6NI79	CCDC69	151929.5
ctrl_9	A6NI79	CCDC69	191202.0
ip_1	A6NIH7	UNC119B	163059.9
ip_2	A6NIH7	UNC119B	224605.8
ip_3	A6NIH7	UNC119B	133739.9
ip_4	A6NIH7	UNC119B	246196.4
ip_5	A6NIH7	UNC119B	211244.0
ip_6	A6NIH7	UNC119B	170126.2
ctrl_1	A6NIH7	UNC119B	125517.3
ctrl_2	A6NIH7	UNC119B	174007.2
ctrl_3	A6NIH7	UNC119B	117955.3
ctrl_4	A6NIH7	UNC119B	162059.2
ctrl_5	A6NIH7	UNC119B	169429.2
ctrl_6	A6NIH7	UNC119B	141339.8
ctrl_7	A6NIH7	UNC119B	124073.2
ctrl_8	A6NIH7	UNC119B	165368.6
ctrl_9	A6NIH7	UNC119B	227836.5
ip_1	A6QL63	ABTB3	103902.9
ip_2	A6QL63	ABTB3	144130.7
ip_3	A6QL63	ABTB3	141682.8
ip_4	A6QL63	ABTB3	126469.3
ip_5	A6QL63	ABTB3	135235.4
ip_6	A6QL63	ABTB3	111950.7
ctrl_1	A6QL63	ABTB3	79071.2
ctrl_2	A6QL63	ABTB3	153260.1
ctrl_3	A6QL63	ABTB3	121960.1
ctrl_4	A6QL63	ABTB3	282313.1
ctrl_5	A6QL63	ABTB3	142521.5
ctrl_6	A6QL63	ABTB3	161657.3
ctrl_7	A6QL63	ABTB3	84184.5
ctrl_8	A6QL63	ABTB3	143054.7
ctrl_9	A6QL63	ABTB3	185617.7
ip_1	A7E2V4	ZSWIM8	155954.1
ip_2	A7E2V4	ZSWIM8	138548.6
ip_3	A7E2V4	ZSWIM8	156055.6
ip_4	A7E2V4	ZSWIM8	233111.1
ip_5	A7E2V4	ZSWIM8	251288.1
ip_6	A7E2V4	ZSWIM8	189267.7
ctrl_1	A7E2V4	ZSWIM8	174436.4
ctrl_2	A7E2V4	ZSWIM8	171683.2
ctrl_3	A7E2V4	ZSWIM8	96379.8
ctrl_4	A7E2V4	ZSWIM8	155369.3
ctrl_5	A7E2V4	ZSWIM8	163794.1
ctrl_6	A7E2V4	ZSWIM8	169374.8
ctrl_7	A7E2V4	ZSWIM8	176355.0
ctrl_8	A7E2V4	ZSWIM8	178854.1
ctrl_9	A7E2V4	ZSWIM8	145029.3
ip_1	A8CG34	POM121C	115609.2
ip_2	A8CG34	POM121C	147853.2
ip_3	A8CG34	POM121C	229086.8
ip_4	A8CG34	POM121C	136362.5
ip_5	A8CG34	POM121C	299737.5
ip_6	A8CG34	POM121C	386274.1
ctrl_1	A8CG34	POM121C	143621.9
ctrl_2	A8CG34	POM121C	208106.7
ctrl_3	A8CG34	POM121C	143075.0
ctrl_4	A8CG34	POM121C	150193.6
ctrl_5	A8CG34	POM121C	146000.4
ctrl_6	A8CG34	POM121C	202830.9
ctrl_7	A8CG34	POM121C	153737.9
ctrl_8	A8CG34	POM121C	128713.9
ctrl_9	A8CG34	POM121C	173032.7
ip_1	A8MTT3	CEBPZOS	212678.3
ip_2	A8MTT3	CEBPZOS	123143.6
ip_3	A8MTT3	CEBPZOS	273197.4
ip_4	A8MTT3	CEBPZOS	215547.1
ip_5	A8MTT3	CEBPZOS	120732.4
ip_6	A8MTT3	CEBPZOS	209056.9
ctrl_1	A8MTT3	CEBPZOS	175239.5
ctrl_2	A8MTT3	CEBPZOS	101929.2
ctrl_3	A8MTT3	CEBPZOS	225663.5
ctrl_4	A8MTT3	CEBPZOS	156619.9
ctrl_5	A8MTT3	CEBPZOS	221240.4
ctrl_6	A8MTT3	CEBPZOS	158805.7
ctrl_7	A8MTT3	CEBPZOS	202104.4
ctrl_8	A8MTT3	CEBPZOS	194370.9
ctrl_9	A8MTT3	CEBPZOS	165845.3
ip_1	A9UHW6	MIF4GD	211590.0
ip_2	A9UHW6	MIF4GD	251711.5
ip_3	A9UHW6	MIF4GD	119173.0
ip_4	A9UHW6	MIF4GD	154669.8
ip_5	A9UHW6	MIF4GD	225495.7
ip_6	A9UHW6	MIF4GD	310251.5
ctrl_1	A9UHW6	MIF4GD	158810.9
ctrl_2	A9UHW6	MIF4GD	226752.0
ctrl_3	A9UHW6	MIF4GD	168075.9
ctrl_4	A9UHW6	MIF4GD	113205.9
ctrl_5	A9UHW6	MIF4GD	147612.8
ctrl_6	A9UHW6	MIF4GD	192310.9
ctrl_7	A9UHW6	MIF4GD	97898.6
ctrl_8	A9UHW6	MIF4GD	214013.7
ctrl_9	A9UHW6	MIF4GD	150975.1
ip_1	B0I1T2	MYO1G	176352.5
ip_2	B0I1T2	MYO1G	203741.3
ip_3	B0I1T2	MYO1G	226469.0
ip_4	B0I1T2	MYO1G	184856.4
ip_5	B0I1T2	MYO1G	189545.6
ip_6	B0I1T2	MYO1G	212126.2
ctrl_1	B0I1T2	MYO1G	278552.4
ctrl_2	B0I1T2	MYO1G	186423.2
ctrl_3	B0I1T2	MYO1G	244378.2
ctrl_4	B0I1T2	MYO1G	260795.8
ctrl_5	B0I1T2	MYO1G	152410.8
ctrl_6	B0I1T2	MYO1G	215133.3
ctrl_7	B0I1T2	MYO1G	174310.2
ctrl_8	B0I1T2	MYO1G	219728.5
ctrl_9	B0I1T2	MYO1G	227636.0
ip_1	B2RUZ4	SMIM1	142154.1
ip_2	B2RUZ4	SMIM1	112683.9
ip_3	B2RUZ4	SMIM1	130041.2
ip_4	B2RUZ4	SMIM1	131471.1
ip_5	B2RUZ4	SMIM1	121007.2
ip_6	B2RUZ4	SMIM1	126788.6
ctrl_1	B2RUZ4	SMIM1	156301.2
ctrl_2	B2RUZ4	SMIM1	128381.8
ctrl_3	B2RUZ4	SMIM1	143787.5
ctrl_4	B2RUZ4	SMIM1	176244.4
ctrl_5	B2RUZ4	SMIM1	158365.6
ctrl_6	B2RUZ4	SMIM1	116505.9
ctrl_7	B2RUZ4	SMIM1	100896.7
ctrl_8	B2RUZ4	SMIM1	154567.7
ctrl_9	B2RUZ4	SMIM1	142941.5
ip_1	L0R819	ASDURF	146947.3
ip_2	L0R819	ASDURF	117764.9
ip_3	L0R819	ASDURF	148720.2
ip_4	L0R819	ASDURF	139543.7
ip_5	L0R819	ASDURF	129842.1
ip_6	L0R819	ASDURF	110997.2
ctrl_1	L0R819	ASDURF	137523.4
ctrl_2	L0R819	ASDURF	119354.7
ctrl_3	L0R819	ASDURF	192319.0
ctrl_4	L0R819	ASDURF	85842.4
ctrl_5	L0R819	ASDURF	123603.0
ctrl_6	L0R819	ASDURF	192079.0
ctrl_7	L0R819	ASDURF	106644.6
ctrl_8	L0R819	ASDURF	90284.9
ctrl_9	L0R819	ASDURF	178730.9
ip_1	O00182	LGALS9	280013.0
ip_2	O00182	LGALS9	156972.4
ip_3	O00182	LGALS9	248902.4
ip_4	O00182	LGALS9	149945.2
ip_5	O00182	LGALS9	165145.7
ip_6	O00182	LGALS9	155244.2
ctrl_1	O00182	LGALS9	291238.5
ctrl_2	O00182	LGALS9	242391.4
ctrl_3	O00182	LGALS9	118249.6
ctrl_4	O00182	LGALS9	131806.1
ctrl_5	O00182	LGALS9	99468.7
ctrl_6	O00182	LGALS9	181383.5
ctrl_7	O00182	LGALS9	176825.2
ctrl_8	O00182	LGALS9	123706.2
ctrl_9	O00182	LGALS9	189447.8
ip_1	O00186	STXBP3	216370.2
ip_2	O00186	STXBP3	169448.6
ip_3	O00186	STXBP3	165203.2
ip_4	O00186	STXBP3	162493.5
ip_5	O00186	STXBP3	170944.1
ip_6	O00186	STXBP3	210193.6
ctrl_1	O00186	STXBP3	196874.5
ctrl_2	O00186	STXBP3	222933.5
ctrl_3	O00186	STXBP3	193648.7
ctrl_4	O00186	STXBP3	131079.7
ctrl_5	O00186	STXBP3	216080.7
ctrl_6	O00186	STXBP3	321146.7
ctrl_7	O00186	STXBP3	153257.3
ctrl_8	O00186	STXBP3	244922.6
ctrl_9	O00186	STXBP3	157136.5
ip_1	O00189	AP4M1	145827.0
ip_2	O00189	AP4M1	178324.2
ip_3	O00189	AP4M1	163462.4
ip_4	O00189	AP4M1	163994.1
ip_5	O00189	AP4M1	136157.7
ip_6	O00189	AP4M1	158994.7
ctrl_1	O00189	AP4M1	91433.1
ctrl_2	O00189	AP4M1	163877.8
ctrl_3	O00189	AP4M1	145867.3
ctrl_4	O00189	AP4M1	202949.2
ctrl_5	O00189	AP4M1	128731.9
ctrl_6	O00189	AP4M1	185549.6
ctrl_7	O00189	AP4M1	189200.7
ctrl_8	O00189	AP4M1	134337.1
ctrl_9	O00189	AP4M1	133018.1
ip_1	O00193	SMAP	156262.9
ip_2	O00193	SMAP	115286.7
ip_3	O00193	SMAP	92514.1
ip_4	O00193	SMAP	108565.0
ip_5	O00193	SMAP	158382.6
ip_6	O00193	SMAP	161736.7
ctrl_1	O00193	SMAP	188351.6
ctrl_2	O00193	SMAP	133386.6
ctrl_3	O00193	SMAP	114536.7
ctrl_4	O00193	SMAP	133197.6
ctrl_5	O00193	SMAP	156134.7
ctrl_6	O00193	SMAP	97536.7
ctrl_7	O00193	SMAP	205382.5
ctrl_8	O00193	SMAP	135102.2
ctrl_9	O00193	SMAP	131198.9
ip_1	O00257	CBX4	263838.3
ip_2	O00257	CBX4	123041.5
ip_3	O00257	CBX4	243129.1
ip_4	O00257	CBX4	112064.2
ip_5	O00257	CBX4	169013.5
ip_6	O00257	CBX4	136881.2
ctrl_1	O00257	CBX4	152635.5
ctrl_2	O00257	CBX4	93506.1
ctrl_3	O00257	CBX4	172756.1
ctrl_4	O00257	CBX4	152045.7
ctrl_5	O00257	CBX4	139478.8
ctrl_6	O00257	CBX4	165053.2
ctrl_7	O00257	CBX4	179206.8
ctrl_8	O00257	CBX4	314838.1
ctrl_9	O00257	CBX4	230527.2
ip_1	O00258	GET1	136867.9
ip_2	O00258	GET1	189790.8
ip_3	O00258	GET1	105961.2
ip_4	O00258	GET1	150563.5
ip_5	O00258	GET1	142323.8
ip_6	O00258	GET1	166069.0
ctrl_1	O00258	GET1	119917.2
ctrl_2	O00258	GET1	103686.9
ctrl_3	O00258	GET1	127830.7
ctrl_4	O00258	GET1	137924.3
ctrl_5	O00258	GET1	171188.7
ctrl_6	O00258	GET1	181028.2
ctrl_7	O00258	GET1	163873.1
ctrl_8	O00258	GET1	117450.5
ctrl_9	O00258	GET1	135673.9
ip_1	O00268	TAF4	127103.9
ip_2	O00268	TAF4	143222.5
ip_3	O00268	TAF4	124074.5
ip_4	O00268	TAF4	93688.8
ip_5	O00268	TAF4	180530.9
ip_6	O00268	TAF4	174059.1
ctrl_1	O00268	TAF4	99575.2
ctrl_2	O00268	TAF4	179904.4
ctrl_3	O00268	TAF4	109072.0
ctrl_4	O00268	TAF4	98429.6
ctrl_5	O00268	TAF4	151666.6
ctrl_6	O00268	TAF4	189983.9
ctrl_7	O00268	TAF4	122393.0
ctrl_8	O00268	TAF4	94347.1
ctrl_9	O00268	TAF4	148342.0
ip_1	O00273	DFFA	139876.2
ip_2	O00273	DFFA	141576.2
ip_3	O00273	DFFA	94407.1
ip_4	O00273	DFFA	146642.4
ip_5	O00273	DFFA	167409.6
ip_6	O00273	DFFA	111792.9
ctrl_1	O00273	DFFA	131649.4
ctrl_2	O00273	DFFA	106744.0
ctrl_3	O00273	DFFA	126005.5
ctrl_4	O00273	DFFA	105190.5
ctrl_5	O00273	DFFA	142481.5
ctrl_6	O00273	DFFA	103277.6
ctrl_7	O00273	DFFA	220773.4
ctrl_8	O00273	DFFA	132154.5
ctrl_9	O00273	DFFA	123562.4
ip_1	O00287	RFXAP	174331.9
ip_2	O00287	RFXAP	130348.3
ip_3	O00287	RFXAP	113434.9
ip_4	O00287	RFXAP	204503.7
ip_5	O00287	RFXAP	198948.1
ip_6	O00287	RFXAP	128737.2
ctrl_1	O00287	RFXAP	108783.6
ctrl_2	O00287	RFXAP	117714.3
ctrl_3	O00287	RFXAP	163168.0
ctrl_4	O00287	RFXAP	164211.7
ctrl_5	O00287	RFXAP	141684.2
ctrl_6	O00287	RFXAP	156545.3
ctrl_7	O00287	RFXAP	126671.6
ctrl_8	O00287	RFXAP	153648.0
ctrl_9	O00287	RFXAP	189166.7
ip_1	O00291	HIP1	161567.1
ip_2	O00291	HIP1	154579.2
ip_3	O00291	HIP1	155356.5
ip_4	O00291	HIP1	142819.3
ip_5	O00291	HIP1	134728.1
ip_6	O00291	HIP1	118357.8
ctrl_1	O00291	HIP1	147391.1
ctrl_2	O00291	HIP1	180806.2
ctrl_3	O00291	HIP1	211579.7
ctrl_4	O00291	HIP1	171092.0
ctrl_5	O00291	HIP1	111873.7
ctrl_6	O00291	HIP1	137780.7
ctrl_7	O00291	HIP1	230459.3
ctrl_8	O00291	HIP1	117787.1
ctrl_9	O00291	HIP1	237393.3
ip_1	O00391	QSOX1	239812.5
ip_2	O00391	QSOX1	208731.9
ip_3	O00391	QSOX1	226979.9
ip_4	O00391	QSOX1	149715.3
ip_5	O00391	QSOX1	124745.5
ip_6	O00391	QSOX1	141416.3
ctrl_1	O00391	QSOX1	192057.1
ctrl_2	O00391	QSOX1	167179.3
ctrl_3	O00391	QSOX1	174029.1
ctrl_4	O00391	QSOX1	170840.4
ctrl_5	O00391	QSOX1	114926.0
ctrl_6	O00391	QSOX1	166509.4
ctrl_7	O00391	QSOX1	155699.1
ctrl_8	O00391	QSOX1	134239.0
ctrl_9	O00391	QSOX1	138789.8
ip_1	O00425	IGF2BP3	150341.2
ip_2	O00425	IGF2BP3	119663.6
ip_3	O00425	IGF2BP3	166627.4
ip_4	O00425	IGF2BP3	263628.8
ip_5	O00425	IGF2BP3	192763.8
ip_6	O00425	IGF2BP3	132064.9
ctrl_1	O00425	IGF2BP3	225656.4
ctrl_2	O00425	IGF2BP3	162112.6
ctrl_3	O00425	IGF2BP3	186416.5
ctrl_4	O00425	IGF2BP3	169575.0
ctrl_5	O00425	IGF2BP3	169359.8
ctrl_6	O00425	IGF2BP3	190946.9
ctrl_7	O00425	IGF2BP3	157364.8
ctrl_8	O00425	IGF2BP3	115139.8
ctrl_9	O00425	IGF2BP3	160340.2
ip_1	O00442	RTCA	155307.9
ip_2	O00442	RTCA	174110.9
ip_3	O00442	RTCA	159483.2
ip_4	O00442	RTCA	225888.2
ip_5	O00442	RTCA	137894.7
ip_6	O00442	RTCA	167339.5
ctrl_1	O00442	RTCA	129956.5
ctrl_2	O00442	RTCA	143890.7
ctrl_3	O00442	RTCA	104237.0
ctrl_4	O00442	RTCA	186261.1
ctrl_5	O00442	RTCA	137850.0
ctrl_6	O00442	RTCA	198870.1
ctrl_7	O00442	RTCA	128410.5
ctrl_8	O00442	RTCA	165759.5
ctrl_9	O00442	RTCA	141567.8
ip_1	O00443	PIK3C2A	170191.9
ip_2	O00443	PIK3C2A	132240.1
ip_3	O00443	PIK3C2A	239917.6
ip_4	O00443	PIK3C2A	261619.4
ip_5	O00443	PIK3C2A	194553.5
ip_6	O00443	PIK3C2A	185504.9
ctrl_1	O00443	PIK3C2A	248990.3
ctrl_2	O00443	PIK3C2A	208689.7
ctrl_3	O00443	PIK3C2A	268218.4
ctrl_4	O00443	PIK3C2A	258259.7
ctrl_5	O00443	PIK3C2A	167828.3
ctrl_6	O00443	PIK3C2A	294279.5
ctrl_7	O00443	PIK3C2A	212782.2
ctrl_8	O00443	PIK3C2A	179821.6
ctrl_9	O00443	PIK3C2A	170351.7
ip_1	O00459	PIK3R2	132178.9
ip_2	O00459	PIK3R2	93412.2
ip_3	O00459	PIK3R2	164438.9
ip_4	O00459	PIK3R2	121260.0
ip_5	O00459	PIK3R2	143725.9
ip_6	O00459	PIK3R2	121953.8
ctrl_1	O00459	PIK3R2	144979.8
ctrl_2	O00459	PIK3R2	117675.5
ctrl_3	O00459	PIK3R2	113076.4
ctrl_4	O00459	PIK3R2	127494.1
ctrl_5	O00459	PIK3R2	76262.2
ctrl_6	O00459	PIK3R2	125384.6
ctrl_7	O00459	PIK3R2	155749.6
ctrl_8	O00459	PIK3R2	219918.1
ctrl_9	O00459	PIK3R2	80194.9
ip_1	O00471	EXOC5	200552.2
ip_2	O00471	EXOC5	159920.6
ip_3	O00471	EXOC5	227117.0
ip_4	O00471	EXOC5	114493.8
ip_5	O00471	EXOC5	164327.2
ip_6	O00471	EXOC5	145552.5
ctrl_1	O00471	EXOC5	192754.3
ctrl_2	O00471	EXOC5	138825.7
ctrl_3	O00471	EXOC5	158691.4
ctrl_4	O00471	EXOC5	127432.2
ctrl_5	O00471	EXOC5	162306.2
ctrl_6	O00471	EXOC5	181348.4
ctrl_7	O00471	EXOC5	130758.9
ctrl_8	O00471	EXOC5	146508.2
ctrl_9	O00471	EXOC5	162378.3
ip_1	O00479	HMGN4	221246.5
ip_2	O00479	HMGN4	211346.5
ip_3	O00479	HMGN4	136021.9
ip_4	O00479	HMGN4	125666.8
ip_5	O00479	HMGN4	207895.1
ip_6	O00479	HMGN4	195715.3
ctrl_1	O00479	HMGN4	252753.6
ctrl_2	O00479	HMGN4	232044.9
ctrl_3	O00479	HMGN4	208795.0
ctrl_4	O00479	HMGN4	209974.1
ctrl_5	O00479	HMGN4	240433.5
ctrl_6	O00479	HMGN4	219741.4
ctrl_7	O00479	HMGN4	214434.6
ctrl_8	O00479	HMGN4	194883.0
ctrl_9	O00479	HMGN4	197483.2
ip_1	O00481	BTN3A1	179668.2
ip_2	O00481	BTN3A1	187745.5
ip_3	O00481	BTN3A1	356442.9
ip_4	O00481	BTN3A1	150354.4
ip_5	O00481	BTN3A1	176021.7
ip_6	O00481	BTN3A1	141832.2
ctrl_1	O00481	BTN3A1	244546.3
ctrl_2	O00481	BTN3A1	150821.8
ctrl_3	O00481	BTN3A1	351970.5
ctrl_4	O00481	BTN3A1	140677.4
ctrl_5	O00481	BTN3A1	239061.1
ctrl_6	O00481	BTN3A1	227536.5
ctrl_7	O00481	BTN3A1	209018.9
ctrl_8	O00481	BTN3A1	135794.0
ctrl_9	O00481	BTN3A1	152631.2
ip_1	O00488	ZNF593	117843.2
ip_2	O00488	ZNF593	130340.8
ip_3	O00488	ZNF593	132987.6
ip_4	O00488	ZNF593	89620.0
ip_5	O00488	ZNF593	138345.5
ip_6	O00488	ZNF593	54712.7
ctrl_1	O00488	ZNF593	103854.6
ctrl_2	O00488	ZNF593	100028.3
ctrl_3	O00488	ZNF593	72567.9
ctrl_4	O00488	ZNF593	89053.2
ctrl_5	O00488	ZNF593	138723.1
ctrl_6	O00488	ZNF593	114714.4
ctrl_7	O00488	ZNF593	134424.4
ctrl_8	O00488	ZNF593	152742.1
ctrl_9	O00488	ZNF593	115991.4
ip_1	O00501	CLDN5	182818.8
ip_2	O00501	CLDN5	222410.0
ip_3	O00501	CLDN5	89374.9
ip_4	O00501	CLDN5	281662.4
ip_5	O00501	CLDN5	139811.3
ip_6	O00501	CLDN5	179164.4
ctrl_1	O00501	CLDN5	107798.6
ctrl_2	O00501	CLDN5	157108.0
ctrl_3	O00501	CLDN5	134716.6
ctrl_4	O00501	CLDN5	128664.6
ctrl_5	O00501	CLDN5	129887.2
ctrl_6	O00501	CLDN5	265073.6
ctrl_7	O00501	CLDN5	174918.0
ctrl_8	O00501	CLDN5	118361.5
ctrl_9	O00501	CLDN5	96127.5
